"","time","nu","id","tot_pfu"
"1",3,0.01,18,1
"2",3,0.01,2,1
"3",3,0.01,22,1
"4",3,0.01,23,1
"5",3,0.01,25,1
"6",3,0.01,30,1
"7",3,0.01,32,4
"8",3,0.01,36,2
"9",3,0.01,39,1
"10",3,0.01,43,1
"11",3,0.01,47,1
"12",3,0.01,5,4
"13",3,0.01,6,1
"14",3,0.01,7,2
"15",3,0.01264855,13,1
"16",3,0.01264855,16,2
"17",3,0.01264855,21,1
"18",3,0.01264855,28,2
"19",3,0.01264855,29,1
"20",3,0.01264855,34,1
"21",3,0.01264855,39,1
"22",3,0.01264855,40,1
"23",3,0.01264855,46,2
"24",3,0.01264855,49,2
"25",3,0.01264855,5,1
"26",3,0.01264855,50,3
"27",3,0.01264855,9,2
"28",3,0.01599859,10,1
"29",3,0.01599859,15,1
"30",3,0.01599859,19,1
"31",3,0.01599859,23,1
"32",3,0.01599859,24,1
"33",3,0.01599859,25,1
"34",3,0.01599859,27,1
"35",3,0.01599859,28,3
"36",3,0.01599859,31,1
"37",3,0.01599859,34,1
"38",3,0.01599859,35,6
"39",3,0.01599859,4,1
"40",3,0.01599859,41,1
"41",3,0.01599859,45,1
"42",3,0.01599859,46,3
"43",3,0.01599859,47,2
"44",3,0.01599859,48,1
"45",3,0.01599859,49,1
"46",3,0.01599859,7,2
"47",3,0.01599859,8,2
"48",3,0.01599859,9,3
"49",3,0.0202359,1,3
"50",3,0.0202359,10,2
"51",3,0.0202359,14,3
"52",3,0.0202359,15,1
"53",3,0.0202359,16,1
"54",3,0.0202359,2,3
"55",3,0.0202359,20,1
"56",3,0.0202359,21,2
"57",3,0.0202359,24,1
"58",3,0.0202359,28,2
"59",3,0.0202359,29,2
"60",3,0.0202359,33,1
"61",3,0.0202359,35,2
"62",3,0.0202359,38,2
"63",3,0.0202359,39,1
"64",3,0.0202359,40,1
"65",3,0.0202359,41,2
"66",3,0.0202359,43,2
"67",3,0.0202359,46,1
"68",3,0.0202359,47,1
"69",3,0.0202359,48,1
"70",3,0.0202359,49,1
"71",3,0.0202359,6,1
"72",3,0.02559548,12,2
"73",3,0.02559548,13,1
"74",3,0.02559548,16,1
"75",3,0.02559548,17,1
"76",3,0.02559548,18,1
"77",3,0.02559548,2,3
"78",3,0.02559548,20,1
"79",3,0.02559548,24,1
"80",3,0.02559548,26,2
"81",3,0.02559548,28,2
"82",3,0.02559548,3,1
"83",3,0.02559548,30,2
"84",3,0.02559548,33,1
"85",3,0.02559548,34,1
"86",3,0.02559548,35,4
"87",3,0.02559548,38,2
"88",3,0.02559548,39,2
"89",3,0.02559548,4,1
"90",3,0.02559548,40,3
"91",3,0.02559548,42,1
"92",3,0.02559548,43,1
"93",3,0.02559548,45,2
"94",3,0.02559548,46,1
"95",3,0.02559548,47,1
"96",3,0.02559548,49,2
"97",3,0.02559548,50,2
"98",3,0.02559548,7,1
"99",3,0.02559548,8,1
"100",3,0.02559548,9,3
"101",3,0.03237458,11,2
"102",3,0.03237458,14,2
"103",3,0.03237458,15,1
"104",3,0.03237458,16,3
"105",3,0.03237458,17,2
"106",3,0.03237458,18,3
"107",3,0.03237458,20,4
"108",3,0.03237458,22,2
"109",3,0.03237458,23,1
"110",3,0.03237458,24,4
"111",3,0.03237458,25,6
"112",3,0.03237458,26,2
"113",3,0.03237458,27,1
"114",3,0.03237458,28,1
"115",3,0.03237458,29,1
"116",3,0.03237458,31,3
"117",3,0.03237458,32,2
"118",3,0.03237458,34,2
"119",3,0.03237458,36,2
"120",3,0.03237458,37,1
"121",3,0.03237458,38,4
"122",3,0.03237458,39,1
"123",3,0.03237458,4,1
"124",3,0.03237458,40,2
"125",3,0.03237458,42,3
"126",3,0.03237458,43,2
"127",3,0.03237458,45,2
"128",3,0.03237458,47,1
"129",3,0.03237458,48,1
"130",3,0.03237458,50,4
"131",3,0.03237458,8,1
"132",3,0.03237458,9,2
"133",3,0.04094915,1,1
"134",3,0.04094915,10,5
"135",3,0.04094915,11,3
"136",3,0.04094915,12,2
"137",3,0.04094915,13,2
"138",3,0.04094915,14,1
"139",3,0.04094915,15,1
"140",3,0.04094915,16,4
"141",3,0.04094915,19,2
"142",3,0.04094915,21,5
"143",3,0.04094915,22,3
"144",3,0.04094915,23,3
"145",3,0.04094915,24,2
"146",3,0.04094915,25,1
"147",3,0.04094915,26,1
"148",3,0.04094915,3,3
"149",3,0.04094915,30,3
"150",3,0.04094915,31,1
"151",3,0.04094915,32,2
"152",3,0.04094915,33,2
"153",3,0.04094915,34,4
"154",3,0.04094915,36,2
"155",3,0.04094915,37,3
"156",3,0.04094915,38,2
"157",3,0.04094915,39,3
"158",3,0.04094915,4,2
"159",3,0.04094915,40,4
"160",3,0.04094915,41,1
"161",3,0.04094915,43,1
"162",3,0.04094915,44,2
"163",3,0.04094915,45,2
"164",3,0.04094915,46,2
"165",3,0.04094915,48,2
"166",3,0.04094915,49,4
"167",3,0.04094915,5,1
"168",3,0.04094915,50,4
"169",3,0.04094915,8,1
"170",3,0.05179475,1,5
"171",3,0.05179475,10,2
"172",3,0.05179475,11,4
"173",3,0.05179475,12,2
"174",3,0.05179475,13,1
"175",3,0.05179475,14,1
"176",3,0.05179475,15,2
"177",3,0.05179475,16,6
"178",3,0.05179475,17,2
"179",3,0.05179475,18,1
"180",3,0.05179475,2,3
"181",3,0.05179475,20,4
"182",3,0.05179475,21,3
"183",3,0.05179475,22,1
"184",3,0.05179475,23,1
"185",3,0.05179475,24,4
"186",3,0.05179475,25,2
"187",3,0.05179475,26,1
"188",3,0.05179475,27,5
"189",3,0.05179475,28,2
"190",3,0.05179475,29,1
"191",3,0.05179475,30,2
"192",3,0.05179475,31,3
"193",3,0.05179475,32,3
"194",3,0.05179475,33,4
"195",3,0.05179475,34,38550
"196",3,0.05179475,35,4
"197",3,0.05179475,36,4
"198",3,0.05179475,37,1
"199",3,0.05179475,38,2
"200",3,0.05179475,39,1
"201",3,0.05179475,4,6
"202",3,0.05179475,40,3
"203",3,0.05179475,41,2
"204",3,0.05179475,42,3
"205",3,0.05179475,43,2
"206",3,0.05179475,44,2
"207",3,0.05179475,45,3
"208",3,0.05179475,46,3
"209",3,0.05179475,47,4
"210",3,0.05179475,48,4
"211",3,0.05179475,49,1
"212",3,0.05179475,5,3
"213",3,0.05179475,50,2
"214",3,0.05179475,6,2
"215",3,0.05179475,7,2
"216",3,0.05179475,8,2
"217",3,0.05179475,9,1
"218",3,0.06551286,1,3
"219",3,0.06551286,10,1
"220",3,0.06551286,11,3
"221",3,0.06551286,12,2
"222",3,0.06551286,13,1
"223",3,0.06551286,14,3
"224",3,0.06551286,15,5
"225",3,0.06551286,16,3
"226",3,0.06551286,17,4
"227",3,0.06551286,18,5
"228",3,0.06551286,19,5
"229",3,0.06551286,2,2
"230",3,0.06551286,20,1
"231",3,0.06551286,21,2
"232",3,0.06551286,22,4
"233",3,0.06551286,23,2
"234",3,0.06551286,24,3
"235",3,0.06551286,25,2
"236",3,0.06551286,26,2
"237",3,0.06551286,27,2
"238",3,0.06551286,28,2
"239",3,0.06551286,29,1
"240",3,0.06551286,3,2
"241",3,0.06551286,30,1
"242",3,0.06551286,31,2
"243",3,0.06551286,32,5
"244",3,0.06551286,33,2
"245",3,0.06551286,34,2
"246",3,0.06551286,35,1
"247",3,0.06551286,36,2
"248",3,0.06551286,38,2
"249",3,0.06551286,39,1
"250",3,0.06551286,4,4
"251",3,0.06551286,40,6
"252",3,0.06551286,42,5
"253",3,0.06551286,43,3
"254",3,0.06551286,44,3
"255",3,0.06551286,45,1
"256",3,0.06551286,46,2
"257",3,0.06551286,47,1
"258",3,0.06551286,48,3
"259",3,0.06551286,49,3
"260",3,0.06551286,5,2
"261",3,0.06551286,50,3
"262",3,0.06551286,6,7
"263",3,0.06551286,7,3
"264",3,0.06551286,8,4
"265",3,0.06551286,9,4
"266",3,0.08286428,1,8
"267",3,0.08286428,10,2
"268",3,0.08286428,11,4
"269",3,0.08286428,12,4
"270",3,0.08286428,13,1
"271",3,0.08286428,14,4
"272",3,0.08286428,15,4
"273",3,0.08286428,16,2
"274",3,0.08286428,17,4
"275",3,0.08286428,18,10
"276",3,0.08286428,19,4
"277",3,0.08286428,2,1
"278",3,0.08286428,20,2
"279",3,0.08286428,21,4
"280",3,0.08286428,22,2
"281",3,0.08286428,23,6
"282",3,0.08286428,24,2
"283",3,0.08286428,25,7
"284",3,0.08286428,26,3
"285",3,0.08286428,27,2
"286",3,0.08286428,28,1
"287",3,0.08286428,29,4
"288",3,0.08286428,3,2
"289",3,0.08286428,30,3
"290",3,0.08286428,31,7
"291",3,0.08286428,32,4
"292",3,0.08286428,33,3
"293",3,0.08286428,34,3
"294",3,0.08286428,35,2
"295",3,0.08286428,36,3
"296",3,0.08286428,37,3
"297",3,0.08286428,38,4
"298",3,0.08286428,39,1
"299",3,0.08286428,4,2
"300",3,0.08286428,40,5
"301",3,0.08286428,41,4
"302",3,0.08286428,42,2
"303",3,0.08286428,43,1
"304",3,0.08286428,44,2
"305",3,0.08286428,45,4
"306",3,0.08286428,46,4
"307",3,0.08286428,47,5
"308",3,0.08286428,48,4
"309",3,0.08286428,49,4
"310",3,0.08286428,5,4
"311",3,0.08286428,50,7
"312",3,0.08286428,6,6
"313",3,0.08286428,7,1
"314",3,0.08286428,8,5
"315",3,0.08286428,9,1
"316",3,0.10481131,1,2
"317",3,0.10481131,10,5
"318",3,0.10481131,11,5
"319",3,0.10481131,12,4
"320",3,0.10481131,13,5
"321",3,0.10481131,14,7
"322",3,0.10481131,15,3
"323",3,0.10481131,16,8
"324",3,0.10481131,17,5
"325",3,0.10481131,18,2
"326",3,0.10481131,19,4
"327",3,0.10481131,2,4
"328",3,0.10481131,20,5
"329",3,0.10481131,22,2
"330",3,0.10481131,23,47620
"331",3,0.10481131,24,9
"332",3,0.10481131,25,2
"333",3,0.10481131,26,3
"334",3,0.10481131,27,6
"335",3,0.10481131,28,5
"336",3,0.10481131,29,5
"337",3,0.10481131,3,4
"338",3,0.10481131,30,6
"339",3,0.10481131,31,4
"340",3,0.10481131,32,6
"341",3,0.10481131,33,6
"342",3,0.10481131,34,6
"343",3,0.10481131,36,4
"344",3,0.10481131,37,4
"345",3,0.10481131,38,7
"346",3,0.10481131,39,6
"347",3,0.10481131,4,3
"348",3,0.10481131,40,2
"349",3,0.10481131,41,2
"350",3,0.10481131,42,3
"351",3,0.10481131,43,5
"352",3,0.10481131,44,4
"353",3,0.10481131,45,6
"354",3,0.10481131,46,7
"355",3,0.10481131,47,2
"356",3,0.10481131,48,3
"357",3,0.10481131,49,1
"358",3,0.10481131,5,4
"359",3,0.10481131,50,9
"360",3,0.10481131,6,9
"361",3,0.10481131,7,4
"362",3,0.10481131,8,4
"363",3,0.10481131,9,8
"364",3,0.13257114,1,7
"365",3,0.13257114,10,4
"366",3,0.13257114,11,2
"367",3,0.13257114,12,6
"368",3,0.13257114,13,3
"369",3,0.13257114,14,4
"370",3,0.13257114,15,3
"371",3,0.13257114,16,4
"372",3,0.13257114,17,5
"373",3,0.13257114,18,2
"374",3,0.13257114,19,7
"375",3,0.13257114,2,3
"376",3,0.13257114,20,4
"377",3,0.13257114,21,5
"378",3,0.13257114,22,3
"379",3,0.13257114,23,5
"380",3,0.13257114,24,3
"381",3,0.13257114,25,6
"382",3,0.13257114,26,3
"383",3,0.13257114,27,3
"384",3,0.13257114,28,3
"385",3,0.13257114,29,5
"386",3,0.13257114,3,4
"387",3,0.13257114,30,5
"388",3,0.13257114,31,7
"389",3,0.13257114,32,6
"390",3,0.13257114,33,5
"391",3,0.13257114,34,4
"392",3,0.13257114,35,4
"393",3,0.13257114,36,3
"394",3,0.13257114,37,7
"395",3,0.13257114,38,8
"396",3,0.13257114,39,6
"397",3,0.13257114,4,6
"398",3,0.13257114,40,5
"399",3,0.13257114,41,4
"400",3,0.13257114,42,7
"401",3,0.13257114,43,8
"402",3,0.13257114,44,8
"403",3,0.13257114,45,5
"404",3,0.13257114,46,5
"405",3,0.13257114,47,6
"406",3,0.13257114,48,2
"407",3,0.13257114,49,2
"408",3,0.13257114,5,3
"409",3,0.13257114,50,1
"410",3,0.13257114,6,4
"411",3,0.13257114,7,5
"412",3,0.13257114,8,16
"413",3,0.13257114,9,5
"414",3,0.16768329,1,6
"415",3,0.16768329,10,5
"416",3,0.16768329,11,4
"417",3,0.16768329,12,4
"418",3,0.16768329,13,6
"419",3,0.16768329,14,6
"420",3,0.16768329,15,7
"421",3,0.16768329,16,8
"422",3,0.16768329,17,12
"423",3,0.16768329,18,14
"424",3,0.16768329,19,8
"425",3,0.16768329,2,4
"426",3,0.16768329,20,11
"427",3,0.16768329,21,9
"428",3,0.16768329,22,14
"429",3,0.16768329,23,5
"430",3,0.16768329,24,4
"431",3,0.16768329,25,5
"432",3,0.16768329,26,4
"433",3,0.16768329,27,9
"434",3,0.16768329,28,3
"435",3,0.16768329,29,15
"436",3,0.16768329,3,6
"437",3,0.16768329,30,13
"438",3,0.16768329,31,4
"439",3,0.16768329,32,4
"440",3,0.16768329,33,10
"441",3,0.16768329,34,10
"442",3,0.16768329,35,9
"443",3,0.16768329,36,7
"444",3,0.16768329,37,6
"445",3,0.16768329,38,6
"446",3,0.16768329,39,3
"447",3,0.16768329,4,4
"448",3,0.16768329,40,12
"449",3,0.16768329,41,6
"450",3,0.16768329,42,7
"451",3,0.16768329,43,9
"452",3,0.16768329,44,4
"453",3,0.16768329,45,3
"454",3,0.16768329,46,8
"455",3,0.16768329,47,7
"456",3,0.16768329,48,3
"457",3,0.16768329,49,10
"458",3,0.16768329,5,9
"459",3,0.16768329,50,5
"460",3,0.16768329,6,8
"461",3,0.16768329,7,3
"462",3,0.16768329,8,7
"463",3,0.16768329,9,2
"464",3,0.21209509,1,15
"465",3,0.21209509,10,7
"466",3,0.21209509,11,8
"467",3,0.21209509,12,7
"468",3,0.21209509,13,4
"469",3,0.21209509,14,10
"470",3,0.21209509,15,15
"471",3,0.21209509,16,8
"472",3,0.21209509,17,9
"473",3,0.21209509,18,9
"474",3,0.21209509,19,7
"475",3,0.21209509,2,3
"476",3,0.21209509,20,9
"477",3,0.21209509,21,7
"478",3,0.21209509,22,9
"479",3,0.21209509,23,5
"480",3,0.21209509,24,6
"481",3,0.21209509,25,8
"482",3,0.21209509,26,9
"483",3,0.21209509,27,3
"484",3,0.21209509,28,12
"485",3,0.21209509,29,6
"486",3,0.21209509,3,6
"487",3,0.21209509,30,3
"488",3,0.21209509,31,10
"489",3,0.21209509,32,14
"490",3,0.21209509,33,19
"491",3,0.21209509,34,9
"492",3,0.21209509,35,9
"493",3,0.21209509,36,12
"494",3,0.21209509,37,6
"495",3,0.21209509,38,12
"496",3,0.21209509,39,18
"497",3,0.21209509,4,8
"498",3,0.21209509,40,13
"499",3,0.21209509,41,4
"500",3,0.21209509,42,10
"501",3,0.21209509,43,10
"502",3,0.21209509,44,2
"503",3,0.21209509,45,10
"504",3,0.21209509,46,8
"505",3,0.21209509,47,9
"506",3,0.21209509,48,8
"507",3,0.21209509,49,10
"508",3,0.21209509,5,4
"509",3,0.21209509,50,2
"510",3,0.21209509,6,7
"511",3,0.21209509,7,8
"512",3,0.21209509,8,4
"513",3,0.21209509,9,13
"514",3,0.26826958,1,7
"515",3,0.26826958,10,12
"516",3,0.26826958,11,16
"517",3,0.26826958,12,12
"518",3,0.26826958,13,10
"519",3,0.26826958,14,10
"520",3,0.26826958,15,8
"521",3,0.26826958,16,11
"522",3,0.26826958,17,7
"523",3,0.26826958,18,7
"524",3,0.26826958,19,16
"525",3,0.26826958,2,12
"526",3,0.26826958,20,8
"527",3,0.26826958,21,8
"528",3,0.26826958,22,15
"529",3,0.26826958,23,15
"530",3,0.26826958,24,9
"531",3,0.26826958,25,17
"532",3,0.26826958,26,9
"533",3,0.26826958,27,7
"534",3,0.26826958,28,14
"535",3,0.26826958,29,18
"536",3,0.26826958,3,8
"537",3,0.26826958,30,3
"538",3,0.26826958,31,13
"539",3,0.26826958,32,15
"540",3,0.26826958,33,11
"541",3,0.26826958,34,12
"542",3,0.26826958,35,10
"543",3,0.26826958,36,11
"544",3,0.26826958,37,9
"545",3,0.26826958,38,11
"546",3,0.26826958,39,3
"547",3,0.26826958,4,10
"548",3,0.26826958,40,13
"549",3,0.26826958,41,11
"550",3,0.26826958,42,14
"551",3,0.26826958,43,17
"552",3,0.26826958,44,16
"553",3,0.26826958,45,12
"554",3,0.26826958,46,10
"555",3,0.26826958,47,11
"556",3,0.26826958,48,14
"557",3,0.26826958,49,8
"558",3,0.26826958,5,2
"559",3,0.26826958,50,9
"560",3,0.26826958,6,11
"561",3,0.26826958,7,8
"562",3,0.26826958,8,12
"563",3,0.26826958,9,5
"564",3,0.33932218,1,10
"565",3,0.33932218,10,9
"566",3,0.33932218,11,14
"567",3,0.33932218,12,12
"568",3,0.33932218,13,16
"569",3,0.33932218,14,12
"570",3,0.33932218,15,18
"571",3,0.33932218,16,6
"572",3,0.33932218,17,12
"573",3,0.33932218,18,13
"574",3,0.33932218,19,78760
"575",3,0.33932218,2,11
"576",3,0.33932218,20,18
"577",3,0.33932218,21,11
"578",3,0.33932218,22,18
"579",3,0.33932218,23,10
"580",3,0.33932218,24,17
"581",3,0.33932218,25,23
"582",3,0.33932218,26,10
"583",3,0.33932218,27,13
"584",3,0.33932218,28,12
"585",3,0.33932218,29,19
"586",3,0.33932218,3,16
"587",3,0.33932218,30,7
"588",3,0.33932218,31,8
"589",3,0.33932218,32,18
"590",3,0.33932218,33,11
"591",3,0.33932218,34,17
"592",3,0.33932218,35,11
"593",3,0.33932218,36,10
"594",3,0.33932218,37,9
"595",3,0.33932218,38,16
"596",3,0.33932218,39,9
"597",3,0.33932218,4,13
"598",3,0.33932218,40,19
"599",3,0.33932218,41,20
"600",3,0.33932218,42,8
"601",3,0.33932218,43,22
"602",3,0.33932218,44,13
"603",3,0.33932218,45,16
"604",3,0.33932218,46,13
"605",3,0.33932218,47,11
"606",3,0.33932218,48,14
"607",3,0.33932218,49,13
"608",3,0.33932218,5,16
"609",3,0.33932218,50,8
"610",3,0.33932218,6,19
"611",3,0.33932218,7,385
"612",3,0.33932218,8,17
"613",3,0.33932218,9,14
"614",3,0.42919343,1,19
"615",3,0.42919343,10,14
"616",3,0.42919343,11,17
"617",3,0.42919343,12,22
"618",3,0.42919343,13,14
"619",3,0.42919343,14,19
"620",3,0.42919343,15,18
"621",3,0.42919343,16,18
"622",3,0.42919343,17,21
"623",3,0.42919343,18,18
"624",3,0.42919343,19,21
"625",3,0.42919343,2,16
"626",3,0.42919343,20,24
"627",3,0.42919343,21,12
"628",3,0.42919343,22,20
"629",3,0.42919343,23,19
"630",3,0.42919343,24,20
"631",3,0.42919343,25,12
"632",3,0.42919343,26,10
"633",3,0.42919343,27,16
"634",3,0.42919343,28,13
"635",3,0.42919343,29,18
"636",3,0.42919343,3,11
"637",3,0.42919343,30,24
"638",3,0.42919343,31,2873
"639",3,0.42919343,32,16
"640",3,0.42919343,33,42998
"641",3,0.42919343,34,11
"642",3,0.42919343,35,12
"643",3,0.42919343,36,21
"644",3,0.42919343,37,17
"645",3,0.42919343,38,23
"646",3,0.42919343,39,27
"647",3,0.42919343,4,15
"648",3,0.42919343,40,13
"649",3,0.42919343,41,13
"650",3,0.42919343,42,23
"651",3,0.42919343,43,13
"652",3,0.42919343,44,8
"653",3,0.42919343,45,14
"654",3,0.42919343,46,12
"655",3,0.42919343,47,15
"656",3,0.42919343,48,20
"657",3,0.42919343,49,12
"658",3,0.42919343,5,14
"659",3,0.42919343,50,12
"660",3,0.42919343,6,13
"661",3,0.42919343,7,13
"662",3,0.42919343,8,14
"663",3,0.42919343,9,21
"664",3,0.54286754,1,15
"665",3,0.54286754,10,22
"666",3,0.54286754,11,17
"667",3,0.54286754,12,20
"668",3,0.54286754,13,26
"669",3,0.54286754,14,19
"670",3,0.54286754,15,22
"671",3,0.54286754,16,29
"672",3,0.54286754,17,33
"673",3,0.54286754,18,25
"674",3,0.54286754,19,23
"675",3,0.54286754,2,28
"676",3,0.54286754,20,18
"677",3,0.54286754,21,25
"678",3,0.54286754,22,27
"679",3,0.54286754,23,16
"680",3,0.54286754,24,25
"681",3,0.54286754,25,21
"682",3,0.54286754,26,18
"683",3,0.54286754,27,17
"684",3,0.54286754,28,20
"685",3,0.54286754,29,32
"686",3,0.54286754,3,21
"687",3,0.54286754,30,18
"688",3,0.54286754,31,22
"689",3,0.54286754,32,16
"690",3,0.54286754,33,18
"691",3,0.54286754,34,23
"692",3,0.54286754,35,17
"693",3,0.54286754,36,16
"694",3,0.54286754,37,17
"695",3,0.54286754,38,19
"696",3,0.54286754,39,18
"697",3,0.54286754,4,26
"698",3,0.54286754,40,25
"699",3,0.54286754,41,18
"700",3,0.54286754,42,17
"701",3,0.54286754,43,31
"702",3,0.54286754,44,19
"703",3,0.54286754,45,16
"704",3,0.54286754,46,22
"705",3,0.54286754,47,13
"706",3,0.54286754,48,22
"707",3,0.54286754,49,23
"708",3,0.54286754,5,26
"709",3,0.54286754,50,25
"710",3,0.54286754,6,16
"711",3,0.54286754,7,22
"712",3,0.54286754,8,15
"713",3,0.54286754,9,30
"714",3,0.68664885,1,26
"715",3,0.68664885,10,28
"716",3,0.68664885,11,25
"717",3,0.68664885,12,32
"718",3,0.68664885,13,22
"719",3,0.68664885,14,37
"720",3,0.68664885,15,23
"721",3,0.68664885,16,30
"722",3,0.68664885,17,24
"723",3,0.68664885,18,25
"724",3,0.68664885,19,32
"725",3,0.68664885,2,20
"726",3,0.68664885,20,26
"727",3,0.68664885,21,35
"728",3,0.68664885,22,27
"729",3,0.68664885,23,29
"730",3,0.68664885,24,27
"731",3,0.68664885,25,43137
"732",3,0.68664885,26,31
"733",3,0.68664885,27,30
"734",3,0.68664885,28,31
"735",3,0.68664885,29,19
"736",3,0.68664885,3,22
"737",3,0.68664885,30,20
"738",3,0.68664885,31,21
"739",3,0.68664885,32,36
"740",3,0.68664885,33,29
"741",3,0.68664885,34,36
"742",3,0.68664885,35,27
"743",3,0.68664885,36,23
"744",3,0.68664885,37,29
"745",3,0.68664885,38,20
"746",3,0.68664885,39,47468
"747",3,0.68664885,4,19
"748",3,0.68664885,40,30
"749",3,0.68664885,41,20
"750",3,0.68664885,42,24
"751",3,0.68664885,43,28
"752",3,0.68664885,44,28
"753",3,0.68664885,45,20
"754",3,0.68664885,46,24
"755",3,0.68664885,47,28
"756",3,0.68664885,48,22
"757",3,0.68664885,49,39
"758",3,0.68664885,5,27
"759",3,0.68664885,50,25
"760",3,0.68664885,6,17
"761",3,0.68664885,7,26
"762",3,0.68664885,8,78240
"763",3,0.68664885,9,33
"764",3,0.86851137,1,34
"765",3,0.86851137,10,50
"766",3,0.86851137,11,49
"767",3,0.86851137,12,34
"768",3,0.86851137,13,45
"769",3,0.86851137,14,42
"770",3,0.86851137,15,30
"771",3,0.86851137,16,32
"772",3,0.86851137,17,36
"773",3,0.86851137,18,33
"774",3,0.86851137,19,39
"775",3,0.86851137,2,38
"776",3,0.86851137,20,39
"777",3,0.86851137,21,33
"778",3,0.86851137,22,37
"779",3,0.86851137,23,45
"780",3,0.86851137,24,86436
"781",3,0.86851137,25,38
"782",3,0.86851137,26,34
"783",3,0.86851137,27,39
"784",3,0.86851137,28,42
"785",3,0.86851137,29,35368
"786",3,0.86851137,3,49
"787",3,0.86851137,30,31
"788",3,0.86851137,31,39
"789",3,0.86851137,32,41
"790",3,0.86851137,33,32
"791",3,0.86851137,34,37
"792",3,0.86851137,35,21
"793",3,0.86851137,36,37
"794",3,0.86851137,37,41
"795",3,0.86851137,38,221
"796",3,0.86851137,39,36
"797",3,0.86851137,4,29
"798",3,0.86851137,40,39
"799",3,0.86851137,41,34
"800",3,0.86851137,42,39
"801",3,0.86851137,43,27
"802",3,0.86851137,44,45
"803",3,0.86851137,45,40
"804",3,0.86851137,46,31
"805",3,0.86851137,47,22
"806",3,0.86851137,48,27
"807",3,0.86851137,49,26
"808",3,0.86851137,5,40
"809",3,0.86851137,50,36
"810",3,0.86851137,6,29
"811",3,0.86851137,7,41
"812",3,0.86851137,8,38
"813",3,0.86851137,9,44
"814",3,1.09854114,1,49
"815",3,1.09854114,10,48
"816",3,1.09854114,11,48
"817",3,1.09854114,12,43
"818",3,1.09854114,13,36
"819",3,1.09854114,14,39
"820",3,1.09854114,15,49
"821",3,1.09854114,16,60
"822",3,1.09854114,17,465
"823",3,1.09854114,18,28
"824",3,1.09854114,19,49
"825",3,1.09854114,2,55
"826",3,1.09854114,20,53
"827",3,1.09854114,21,47
"828",3,1.09854114,22,30
"829",3,1.09854114,23,40
"830",3,1.09854114,24,29
"831",3,1.09854114,25,49
"832",3,1.09854114,26,39
"833",3,1.09854114,27,37
"834",3,1.09854114,28,43
"835",3,1.09854114,29,42
"836",3,1.09854114,3,37
"837",3,1.09854114,30,42085
"838",3,1.09854114,31,36
"839",3,1.09854114,32,47
"840",3,1.09854114,33,48
"841",3,1.09854114,34,38
"842",3,1.09854114,35,46
"843",3,1.09854114,36,58
"844",3,1.09854114,37,38
"845",3,1.09854114,38,63
"846",3,1.09854114,39,45
"847",3,1.09854114,4,37
"848",3,1.09854114,40,43
"849",3,1.09854114,41,53
"850",3,1.09854114,42,50
"851",3,1.09854114,43,46
"852",3,1.09854114,44,41936
"853",3,1.09854114,45,47
"854",3,1.09854114,46,43
"855",3,1.09854114,47,45
"856",3,1.09854114,48,49
"857",3,1.09854114,49,36
"858",3,1.09854114,5,32
"859",3,1.09854114,50,34436
"860",3,1.09854114,6,40
"861",3,1.09854114,7,34
"862",3,1.09854114,8,43
"863",3,1.09854114,9,53
"864",3,1.38949549,1,56
"865",3,1.38949549,10,50
"866",3,1.38949549,11,60
"867",3,1.38949549,12,82729
"868",3,1.38949549,13,63
"869",3,1.38949549,14,85299
"870",3,1.38949549,15,64
"871",3,1.38949549,16,52
"872",3,1.38949549,17,62
"873",3,1.38949549,18,47315
"874",3,1.38949549,19,50
"875",3,1.38949549,2,66
"876",3,1.38949549,20,43
"877",3,1.38949549,21,42690
"878",3,1.38949549,22,67
"879",3,1.38949549,23,50
"880",3,1.38949549,24,47
"881",3,1.38949549,25,41
"882",3,1.38949549,26,58
"883",3,1.38949549,27,49254
"884",3,1.38949549,28,53
"885",3,1.38949549,29,53
"886",3,1.38949549,3,40235
"887",3,1.38949549,30,54
"888",3,1.38949549,31,53
"889",3,1.38949549,32,60
"890",3,1.38949549,33,54
"891",3,1.38949549,34,46
"892",3,1.38949549,35,58
"893",3,1.38949549,36,47
"894",3,1.38949549,37,65
"895",3,1.38949549,38,59
"896",3,1.38949549,39,63
"897",3,1.38949549,4,67
"898",3,1.38949549,40,62
"899",3,1.38949549,41,63
"900",3,1.38949549,42,59
"901",3,1.38949549,43,64
"902",3,1.38949549,44,52
"903",3,1.38949549,45,67
"904",3,1.38949549,46,69
"905",3,1.38949549,47,58
"906",3,1.38949549,48,55
"907",3,1.38949549,49,62
"908",3,1.38949549,5,58
"909",3,1.38949549,50,62
"910",3,1.38949549,6,55
"911",3,1.38949549,7,43194
"912",3,1.38949549,8,65
"913",3,1.38949549,9,44
"914",3,1.75751062,1,66
"915",3,1.75751062,10,35574
"916",3,1.75751062,11,69
"917",3,1.75751062,12,62
"918",3,1.75751062,13,35474
"919",3,1.75751062,14,64
"920",3,1.75751062,15,59
"921",3,1.75751062,16,73
"922",3,1.75751062,17,74
"923",3,1.75751062,18,69
"924",3,1.75751062,19,70
"925",3,1.75751062,2,75
"926",3,1.75751062,20,78
"927",3,1.75751062,21,65
"928",3,1.75751062,22,72
"929",3,1.75751062,23,66
"930",3,1.75751062,24,69
"931",3,1.75751062,25,74
"932",3,1.75751062,26,78
"933",3,1.75751062,27,89
"934",3,1.75751062,28,86
"935",3,1.75751062,29,71
"936",3,1.75751062,3,41614
"937",3,1.75751062,30,198954
"938",3,1.75751062,31,73
"939",3,1.75751062,32,74
"940",3,1.75751062,33,58
"941",3,1.75751062,34,68
"942",3,1.75751062,35,287
"943",3,1.75751062,36,81
"944",3,1.75751062,37,77
"945",3,1.75751062,38,62
"946",3,1.75751062,39,62
"947",3,1.75751062,4,66
"948",3,1.75751062,40,60
"949",3,1.75751062,41,61
"950",3,1.75751062,42,69
"951",3,1.75751062,43,67
"952",3,1.75751062,44,62
"953",3,1.75751062,45,63
"954",3,1.75751062,46,66
"955",3,1.75751062,47,64
"956",3,1.75751062,48,61
"957",3,1.75751062,49,83
"958",3,1.75751062,5,80
"959",3,1.75751062,50,59
"960",3,1.75751062,6,66
"961",3,1.75751062,7,59
"962",3,1.75751062,8,83
"963",3,1.75751062,9,76
"964",3,1000,1,3354584
"965",3,1000,10,2366832
"966",3,1000,11,3874681
"967",3,1000,12,2680578
"968",3,1000,13,3306889
"969",3,1000,14,3529152
"970",3,1000,15,4256982
"971",3,1000,16,2857374
"972",3,1000,17,4099927
"973",3,1000,18,3173206
"974",3,1000,19,3774502
"975",3,1000,2,2949084
"976",3,1000,20,3724334
"977",3,1000,21,3005039
"978",3,1000,22,3720688
"979",3,1000,23,3358931
"980",3,1000,24,3906941
"981",3,1000,25,3086170
"982",3,1000,26,3500505
"983",3,1000,27,2731109
"984",3,1000,28,3191722
"985",3,1000,29,4243536
"986",3,1000,3,3871375
"987",3,1000,30,3332475
"988",3,1000,31,4160914
"989",3,1000,32,3663270
"990",3,1000,33,4061125
"991",3,1000,34,5001624
"992",3,1000,35,3628896
"993",3,1000,36,3318461
"994",3,1000,37,3027886
"995",3,1000,38,2867202
"996",3,1000,39,3903979
"997",3,1000,4,3571313
"998",3,1000,40,3867579
"999",3,1000,41,4108906
"1000",3,1000,42,3353283
"1001",3,1000,43,4033156
"1002",3,1000,44,3706196
"1003",3,1000,45,4083221
"1004",3,1000,46,4130665
"1005",3,1000,47,3273074
"1006",3,1000,48,3554544
"1007",3,1000,49,3681157
"1008",3,1000,5,3281969
"1009",3,1000,50,4558752
"1010",3,1000,6,3592830
"1011",3,1000,7,3677913
"1012",3,1000,8,2830578
"1013",3,1000,9,4009653
"1014",3,11.51395399,1,468
"1015",3,11.51395399,10,37332
"1016",3,11.51395399,11,203196
"1017",3,11.51395399,12,435
"1018",3,11.51395399,13,76977
"1019",3,11.51395399,14,39177
"1020",3,11.51395399,15,495
"1021",3,11.51395399,16,499
"1022",3,11.51395399,17,440
"1023",3,11.51395399,18,473
"1024",3,11.51395399,19,453
"1025",3,11.51395399,2,41443
"1026",3,11.51395399,20,45532
"1027",3,11.51395399,21,76825
"1028",3,11.51395399,22,84034
"1029",3,11.51395399,23,453
"1030",3,11.51395399,24,73792
"1031",3,11.51395399,25,469
"1032",3,11.51395399,26,479
"1033",3,11.51395399,27,487
"1034",3,11.51395399,28,477
"1035",3,11.51395399,29,82510
"1036",3,11.51395399,3,77531
"1037",3,11.51395399,30,451
"1038",3,11.51395399,31,207128
"1039",3,11.51395399,32,461
"1040",3,11.51395399,33,86497
"1041",3,11.51395399,34,470
"1042",3,11.51395399,35,460
"1043",3,11.51395399,36,38625
"1044",3,11.51395399,37,473
"1045",3,11.51395399,38,114740
"1046",3,11.51395399,39,120108
"1047",3,11.51395399,4,489
"1048",3,11.51395399,40,466
"1049",3,11.51395399,41,488
"1050",3,11.51395399,42,442
"1051",3,11.51395399,43,432
"1052",3,11.51395399,44,159879
"1053",3,11.51395399,45,43938
"1054",3,11.51395399,46,429
"1055",3,11.51395399,47,443
"1056",3,11.51395399,48,276847
"1057",3,11.51395399,49,442
"1058",3,11.51395399,5,476
"1059",3,11.51395399,50,460
"1060",3,11.51395399,6,169173
"1061",3,11.51395399,7,450
"1062",3,11.51395399,8,877
"1063",3,11.51395399,9,466
"1064",3,120.67926406,1,859054
"1065",3,120.67926406,10,479529
"1066",3,120.67926406,11,226320
"1067",3,120.67926406,12,358838
"1068",3,120.67926406,13,92243
"1069",3,120.67926406,14,394958
"1070",3,120.67926406,15,406939
"1071",3,120.67926406,16,548862
"1072",3,120.67926406,17,437465
"1073",3,120.67926406,18,384860
"1074",3,120.67926406,19,670039
"1075",3,120.67926406,2,328650
"1076",3,120.67926406,20,241787
"1077",3,120.67926406,21,245427
"1078",3,120.67926406,22,285475
"1079",3,120.67926406,23,255711
"1080",3,120.67926406,24,294179
"1081",3,120.67926406,25,385374
"1082",3,120.67926406,26,419967
"1083",3,120.67926406,27,812376
"1084",3,120.67926406,28,550667
"1085",3,120.67926406,29,170896
"1086",3,120.67926406,3,771268
"1087",3,120.67926406,30,351701
"1088",3,120.67926406,31,165621
"1089",3,120.67926406,32,516030
"1090",3,120.67926406,33,438570
"1091",3,120.67926406,34,329401
"1092",3,120.67926406,35,168544
"1093",3,120.67926406,36,628113
"1094",3,120.67926406,37,624175
"1095",3,120.67926406,38,662996
"1096",3,120.67926406,39,456020
"1097",3,120.67926406,4,914584
"1098",3,120.67926406,40,742292
"1099",3,120.67926406,41,530971
"1100",3,120.67926406,42,379365
"1101",3,120.67926406,43,418926
"1102",3,120.67926406,44,208227
"1103",3,120.67926406,45,344886
"1104",3,120.67926406,46,303426
"1105",3,120.67926406,47,246634
"1106",3,120.67926406,48,378719
"1107",3,120.67926406,49,603115
"1108",3,120.67926406,5,253599
"1109",3,120.67926406,50,435345
"1110",3,120.67926406,6,156335
"1111",3,120.67926406,7,623254
"1112",3,120.67926406,8,225031
"1113",3,120.67926406,9,1179897
"1114",3,14.56348478,1,160641
"1115",3,14.56348478,10,74802
"1116",3,14.56348478,11,621
"1117",3,14.56348478,12,212724
"1118",3,14.56348478,13,130749
"1119",3,14.56348478,14,546
"1120",3,14.56348478,15,535
"1121",3,14.56348478,16,595
"1122",3,14.56348478,17,136996
"1123",3,14.56348478,18,174097
"1124",3,14.56348478,19,579
"1125",3,14.56348478,2,565
"1126",3,14.56348478,20,623
"1127",3,14.56348478,21,581
"1128",3,14.56348478,22,77211
"1129",3,14.56348478,23,571
"1130",3,14.56348478,24,3779
"1131",3,14.56348478,25,634
"1132",3,14.56348478,26,45792
"1133",3,14.56348478,27,615
"1134",3,14.56348478,28,44902
"1135",3,14.56348478,29,120921
"1136",3,14.56348478,3,626
"1137",3,14.56348478,30,612
"1138",3,14.56348478,31,561
"1139",3,14.56348478,32,542
"1140",3,14.56348478,33,51016
"1141",3,14.56348478,34,183691
"1142",3,14.56348478,35,39046
"1143",3,14.56348478,36,42223
"1144",3,14.56348478,37,6200
"1145",3,14.56348478,38,600
"1146",3,14.56348478,39,115464
"1147",3,14.56348478,4,78572
"1148",3,14.56348478,40,567
"1149",3,14.56348478,41,159880
"1150",3,14.56348478,42,114186
"1151",3,14.56348478,43,587
"1152",3,14.56348478,44,162970
"1153",3,14.56348478,45,565
"1154",3,14.56348478,46,570
"1155",3,14.56348478,47,567
"1156",3,14.56348478,48,129333
"1157",3,14.56348478,49,639
"1158",3,14.56348478,5,44500
"1159",3,14.56348478,50,45756
"1160",3,14.56348478,6,164700
"1161",3,14.56348478,7,90761
"1162",3,14.56348478,8,609
"1163",3,14.56348478,9,40981
"1164",3,152.64179672,1,643554
"1165",3,152.64179672,10,411257
"1166",3,152.64179672,11,803754
"1167",3,152.64179672,12,304391
"1168",3,152.64179672,13,81672
"1169",3,152.64179672,14,767231
"1170",3,152.64179672,15,679289
"1171",3,152.64179672,16,687144
"1172",3,152.64179672,17,555901
"1173",3,152.64179672,18,503243
"1174",3,152.64179672,19,314218
"1175",3,152.64179672,2,738234
"1176",3,152.64179672,20,725358
"1177",3,152.64179672,21,185473
"1178",3,152.64179672,22,211700
"1179",3,152.64179672,23,717779
"1180",3,152.64179672,24,681634
"1181",3,152.64179672,25,879914
"1182",3,152.64179672,26,606876
"1183",3,152.64179672,27,991591
"1184",3,152.64179672,28,514410
"1185",3,152.64179672,29,674339
"1186",3,152.64179672,3,320926
"1187",3,152.64179672,30,119650
"1188",3,152.64179672,31,486102
"1189",3,152.64179672,32,488751
"1190",3,152.64179672,33,750513
"1191",3,152.64179672,34,511357
"1192",3,152.64179672,35,589972
"1193",3,152.64179672,36,683728
"1194",3,152.64179672,37,332720
"1195",3,152.64179672,38,437665
"1196",3,152.64179672,39,243460
"1197",3,152.64179672,4,470575
"1198",3,152.64179672,40,561349
"1199",3,152.64179672,41,712708
"1200",3,152.64179672,42,845805
"1201",3,152.64179672,43,785520
"1202",3,152.64179672,44,430355
"1203",3,152.64179672,45,269648
"1204",3,152.64179672,46,703478
"1205",3,152.64179672,47,627567
"1206",3,152.64179672,48,902448
"1207",3,152.64179672,49,791139
"1208",3,152.64179672,5,489153
"1209",3,152.64179672,50,513109
"1210",3,152.64179672,6,720111
"1211",3,152.64179672,7,374709
"1212",3,152.64179672,8,1044988
"1213",3,152.64179672,9,552557
"1214",3,18.42069969,1,77709
"1215",3,18.42069969,10,155445
"1216",3,18.42069969,11,158667
"1217",3,18.42069969,12,733
"1218",3,18.42069969,13,120305
"1219",3,18.42069969,14,42512
"1220",3,18.42069969,15,34285
"1221",3,18.42069969,16,83983
"1222",3,18.42069969,17,81416
"1223",3,18.42069969,18,10783
"1224",3,18.42069969,19,778
"1225",3,18.42069969,2,716
"1226",3,18.42069969,20,760
"1227",3,18.42069969,21,968
"1228",3,18.42069969,22,75827
"1229",3,18.42069969,23,123302
"1230",3,18.42069969,24,749
"1231",3,18.42069969,25,769
"1232",3,18.42069969,26,82524
"1233",3,18.42069969,27,38857
"1234",3,18.42069969,28,74258
"1235",3,18.42069969,29,158258
"1236",3,18.42069969,3,95194
"1237",3,18.42069969,30,114846
"1238",3,18.42069969,31,115340
"1239",3,18.42069969,32,40302
"1240",3,18.42069969,33,82588
"1241",3,18.42069969,34,786
"1242",3,18.42069969,35,154524
"1243",3,18.42069969,36,180042
"1244",3,18.42069969,37,47601
"1245",3,18.42069969,38,82739
"1246",3,18.42069969,39,32900
"1247",3,18.42069969,4,40917
"1248",3,18.42069969,40,953
"1249",3,18.42069969,41,129509
"1250",3,18.42069969,42,135927
"1251",3,18.42069969,43,690
"1252",3,18.42069969,44,78742
"1253",3,18.42069969,45,127395
"1254",3,18.42069969,46,37319
"1255",3,18.42069969,47,43646
"1256",3,18.42069969,48,775
"1257",3,18.42069969,49,242505
"1258",3,18.42069969,5,41579
"1259",3,18.42069969,50,756
"1260",3,18.42069969,6,129451
"1261",3,18.42069969,7,736
"1262",3,18.42069969,8,172156
"1263",3,18.42069969,9,121927
"1264",3,193.06977289,1,692834
"1265",3,193.06977289,10,256091
"1266",3,193.06977289,11,329889
"1267",3,193.06977289,12,952237
"1268",3,193.06977289,13,477297
"1269",3,193.06977289,14,695938
"1270",3,193.06977289,15,615964
"1271",3,193.06977289,16,409750
"1272",3,193.06977289,17,559499
"1273",3,193.06977289,18,673125
"1274",3,193.06977289,19,883281
"1275",3,193.06977289,2,916294
"1276",3,193.06977289,20,811923
"1277",3,193.06977289,21,756302
"1278",3,193.06977289,22,406432
"1279",3,193.06977289,23,586159
"1280",3,193.06977289,24,596805
"1281",3,193.06977289,25,808194
"1282",3,193.06977289,26,958258
"1283",3,193.06977289,27,730439
"1284",3,193.06977289,28,507536
"1285",3,193.06977289,29,1059171
"1286",3,193.06977289,3,950483
"1287",3,193.06977289,30,859339
"1288",3,193.06977289,31,928072
"1289",3,193.06977289,32,952180
"1290",3,193.06977289,33,555318
"1291",3,193.06977289,34,518675
"1292",3,193.06977289,35,542511
"1293",3,193.06977289,36,571347
"1294",3,193.06977289,37,642656
"1295",3,193.06977289,38,689126
"1296",3,193.06977289,39,625858
"1297",3,193.06977289,4,428751
"1298",3,193.06977289,40,1138625
"1299",3,193.06977289,41,731691
"1300",3,193.06977289,42,895292
"1301",3,193.06977289,43,220222
"1302",3,193.06977289,44,890454
"1303",3,193.06977289,45,790074
"1304",3,193.06977289,46,295392
"1305",3,193.06977289,47,778074
"1306",3,193.06977289,48,780933
"1307",3,193.06977289,49,670364
"1308",3,193.06977289,5,351571
"1309",3,193.06977289,50,536652
"1310",3,193.06977289,6,796129
"1311",3,193.06977289,7,826313
"1312",3,193.06977289,8,601727
"1313",3,193.06977289,9,1231302
"1314",3,2.22299648,1,100
"1315",3,2.22299648,10,76
"1316",3,2.22299648,11,40721
"1317",3,2.22299648,12,71
"1318",3,2.22299648,13,87
"1319",3,2.22299648,14,100
"1320",3,2.22299648,15,42786
"1321",3,2.22299648,16,87
"1322",3,2.22299648,17,78
"1323",3,2.22299648,18,83
"1324",3,2.22299648,19,84
"1325",3,2.22299648,2,73
"1326",3,2.22299648,20,86
"1327",3,2.22299648,21,104
"1328",3,2.22299648,22,84
"1329",3,2.22299648,23,85
"1330",3,2.22299648,24,64
"1331",3,2.22299648,25,86
"1332",3,2.22299648,26,89
"1333",3,2.22299648,27,87
"1334",3,2.22299648,28,94
"1335",3,2.22299648,29,60
"1336",3,2.22299648,3,105
"1337",3,2.22299648,30,90
"1338",3,2.22299648,31,98
"1339",3,2.22299648,32,82
"1340",3,2.22299648,33,64
"1341",3,2.22299648,34,76914
"1342",3,2.22299648,35,96
"1343",3,2.22299648,36,69
"1344",3,2.22299648,37,40701
"1345",3,2.22299648,38,81
"1346",3,2.22299648,39,92
"1347",3,2.22299648,4,88
"1348",3,2.22299648,40,72
"1349",3,2.22299648,41,105
"1350",3,2.22299648,42,82
"1351",3,2.22299648,43,74
"1352",3,2.22299648,44,82
"1353",3,2.22299648,45,81
"1354",3,2.22299648,46,92
"1355",3,2.22299648,47,96
"1356",3,2.22299648,48,73
"1357",3,2.22299648,49,83
"1358",3,2.22299648,5,31977
"1359",3,2.22299648,50,90
"1360",3,2.22299648,6,98
"1361",3,2.22299648,7,101
"1362",3,2.22299648,8,94
"1363",3,2.22299648,9,73
"1364",3,2.8117687,1,125
"1365",3,2.8117687,10,109
"1366",3,2.8117687,11,109
"1367",3,2.8117687,12,106
"1368",3,2.8117687,13,8125
"1369",3,2.8117687,14,129
"1370",3,2.8117687,15,113
"1371",3,2.8117687,16,110
"1372",3,2.8117687,17,114
"1373",3,2.8117687,18,93
"1374",3,2.8117687,19,113
"1375",3,2.8117687,2,112
"1376",3,2.8117687,20,84
"1377",3,2.8117687,21,116
"1378",3,2.8117687,22,90725
"1379",3,2.8117687,23,118
"1380",3,2.8117687,24,149386
"1381",3,2.8117687,25,104
"1382",3,2.8117687,26,93
"1383",3,2.8117687,27,132
"1384",3,2.8117687,28,108
"1385",3,2.8117687,29,125
"1386",3,2.8117687,3,92
"1387",3,2.8117687,30,94
"1388",3,2.8117687,31,92
"1389",3,2.8117687,32,128
"1390",3,2.8117687,33,114
"1391",3,2.8117687,34,118
"1392",3,2.8117687,35,112
"1393",3,2.8117687,36,123856
"1394",3,2.8117687,37,45028
"1395",3,2.8117687,38,103
"1396",3,2.8117687,39,112
"1397",3,2.8117687,4,102
"1398",3,2.8117687,40,114
"1399",3,2.8117687,41,103
"1400",3,2.8117687,42,324
"1401",3,2.8117687,43,80967
"1402",3,2.8117687,44,337
"1403",3,2.8117687,45,104
"1404",3,2.8117687,46,112
"1405",3,2.8117687,47,92
"1406",3,2.8117687,48,103
"1407",3,2.8117687,49,5767
"1408",3,2.8117687,5,106
"1409",3,2.8117687,50,113
"1410",3,2.8117687,6,118
"1411",3,2.8117687,7,129
"1412",3,2.8117687,8,109
"1413",3,2.8117687,9,130
"1414",3,23.29951811,1,171702
"1415",3,23.29951811,10,130612
"1416",3,23.29951811,11,918
"1417",3,23.29951811,12,46919
"1418",3,23.29951811,13,129519
"1419",3,23.29951811,14,85051
"1420",3,23.29951811,15,972
"1421",3,23.29951811,16,40963
"1422",3,23.29951811,17,84834
"1423",3,23.29951811,18,84558
"1424",3,23.29951811,19,47295
"1425",3,23.29951811,2,213798
"1426",3,23.29951811,20,85818
"1427",3,23.29951811,21,70281
"1428",3,23.29951811,22,43694
"1429",3,23.29951811,23,161819
"1430",3,23.29951811,24,127294
"1431",3,23.29951811,25,39126
"1432",3,23.29951811,26,935
"1433",3,23.29951811,27,131719
"1434",3,23.29951811,28,244293
"1435",3,23.29951811,29,125337
"1436",3,23.29951811,3,198341
"1437",3,23.29951811,30,48185
"1438",3,23.29951811,31,120068
"1439",3,23.29951811,32,270933
"1440",3,23.29951811,33,954
"1441",3,23.29951811,34,80747
"1442",3,23.29951811,35,2772
"1443",3,23.29951811,36,39623
"1444",3,23.29951811,37,38814
"1445",3,23.29951811,38,76404
"1446",3,23.29951811,39,43927
"1447",3,23.29951811,4,938
"1448",3,23.29951811,40,41907
"1449",3,23.29951811,41,971
"1450",3,23.29951811,42,193125
"1451",3,23.29951811,43,128009
"1452",3,23.29951811,44,132489
"1453",3,23.29951811,45,916
"1454",3,23.29951811,46,252958
"1455",3,23.29951811,47,90920
"1456",3,23.29951811,48,128532
"1457",3,23.29951811,49,203590
"1458",3,23.29951811,5,123966
"1459",3,23.29951811,50,79101
"1460",3,23.29951811,6,121574
"1461",3,23.29951811,7,947
"1462",3,23.29951811,8,203346
"1463",3,23.29951811,9,960
"1464",3,244.20530945,1,1078260
"1465",3,244.20530945,10,613613
"1466",3,244.20530945,11,1062690
"1467",3,244.20530945,12,904021
"1468",3,244.20530945,13,1172381
"1469",3,244.20530945,14,1477641
"1470",3,244.20530945,15,698906
"1471",3,244.20530945,16,887685
"1472",3,244.20530945,17,893070
"1473",3,244.20530945,18,834292
"1474",3,244.20530945,19,1474212
"1475",3,244.20530945,2,133281
"1476",3,244.20530945,20,571584
"1477",3,244.20530945,21,347017
"1478",3,244.20530945,22,950548
"1479",3,244.20530945,23,1424297
"1480",3,244.20530945,24,928320
"1481",3,244.20530945,25,746982
"1482",3,244.20530945,26,742318
"1483",3,244.20530945,27,543465
"1484",3,244.20530945,28,1381107
"1485",3,244.20530945,29,832243
"1486",3,244.20530945,3,771035
"1487",3,244.20530945,30,384195
"1488",3,244.20530945,31,1087492
"1489",3,244.20530945,32,890728
"1490",3,244.20530945,33,969599
"1491",3,244.20530945,34,1278829
"1492",3,244.20530945,35,679065
"1493",3,244.20530945,36,875849
"1494",3,244.20530945,37,884797
"1495",3,244.20530945,38,1352546
"1496",3,244.20530945,39,788012
"1497",3,244.20530945,4,618191
"1498",3,244.20530945,40,939135
"1499",3,244.20530945,41,1085039
"1500",3,244.20530945,42,596310
"1501",3,244.20530945,43,769623
"1502",3,244.20530945,44,761004
"1503",3,244.20530945,45,631016
"1504",3,244.20530945,46,1186982
"1505",3,244.20530945,47,498727
"1506",3,244.20530945,48,935442
"1507",3,244.20530945,49,1004798
"1508",3,244.20530945,5,1342101
"1509",3,244.20530945,50,656489
"1510",3,244.20530945,6,787277
"1511",3,244.20530945,7,594965
"1512",3,244.20530945,8,1124186
"1513",3,244.20530945,9,1059692
"1514",3,29.47051703,1,205348
"1515",3,29.47051703,10,1518
"1516",3,29.47051703,11,212075
"1517",3,29.47051703,12,80263
"1518",3,29.47051703,13,123017
"1519",3,29.47051703,14,214593
"1520",3,29.47051703,15,268233
"1521",3,29.47051703,16,171282
"1522",3,29.47051703,17,160817
"1523",3,29.47051703,18,1196
"1524",3,29.47051703,19,84526
"1525",3,29.47051703,2,166691
"1526",3,29.47051703,20,124778
"1527",3,29.47051703,21,157986
"1528",3,29.47051703,22,130101
"1529",3,29.47051703,23,235665
"1530",3,29.47051703,24,35201
"1531",3,29.47051703,25,82594
"1532",3,29.47051703,26,84346
"1533",3,29.47051703,27,243123
"1534",3,29.47051703,28,119698
"1535",3,29.47051703,29,44469
"1536",3,29.47051703,3,1212
"1537",3,29.47051703,30,206053
"1538",3,29.47051703,31,133726
"1539",3,29.47051703,32,388248
"1540",3,29.47051703,33,303167
"1541",3,29.47051703,34,288588
"1542",3,29.47051703,35,37668
"1543",3,29.47051703,36,1417
"1544",3,29.47051703,37,258801
"1545",3,29.47051703,38,79606
"1546",3,29.47051703,39,215243
"1547",3,29.47051703,4,1565
"1548",3,29.47051703,40,81146
"1549",3,29.47051703,41,123065
"1550",3,29.47051703,42,167392
"1551",3,29.47051703,43,264234
"1552",3,29.47051703,44,128744
"1553",3,29.47051703,45,162807
"1554",3,29.47051703,46,201723
"1555",3,29.47051703,47,185706
"1556",3,29.47051703,48,128736
"1557",3,29.47051703,49,1191
"1558",3,29.47051703,5,42462
"1559",3,29.47051703,50,1192
"1560",3,29.47051703,6,274900
"1561",3,29.47051703,7,1157
"1562",3,29.47051703,8,1157
"1563",3,29.47051703,9,102767
"1564",3,3.55648031,1,140
"1565",3,3.55648031,10,37963
"1566",3,3.55648031,11,46904
"1567",3,3.55648031,12,131
"1568",3,3.55648031,13,139
"1569",3,3.55648031,14,48659
"1570",3,3.55648031,15,149
"1571",3,3.55648031,16,128
"1572",3,3.55648031,17,136
"1573",3,3.55648031,18,152
"1574",3,3.55648031,19,139
"1575",3,3.55648031,2,81137
"1576",3,3.55648031,20,40283
"1577",3,3.55648031,21,83215
"1578",3,3.55648031,22,145
"1579",3,3.55648031,23,137
"1580",3,3.55648031,24,44807
"1581",3,3.55648031,25,151
"1582",3,3.55648031,26,173
"1583",3,3.55648031,27,148
"1584",3,3.55648031,28,142
"1585",3,3.55648031,29,121
"1586",3,3.55648031,3,151
"1587",3,3.55648031,30,155
"1588",3,3.55648031,31,121
"1589",3,3.55648031,32,140
"1590",3,3.55648031,33,118312
"1591",3,3.55648031,34,153
"1592",3,3.55648031,35,149
"1593",3,3.55648031,36,170
"1594",3,3.55648031,37,139
"1595",3,3.55648031,38,144
"1596",3,3.55648031,39,120083
"1597",3,3.55648031,4,149
"1598",3,3.55648031,40,80166
"1599",3,3.55648031,41,42145
"1600",3,3.55648031,42,152
"1601",3,3.55648031,43,148
"1602",3,3.55648031,44,146
"1603",3,3.55648031,45,158
"1604",3,3.55648031,46,130
"1605",3,3.55648031,47,157
"1606",3,3.55648031,48,151
"1607",3,3.55648031,49,144
"1608",3,3.55648031,5,153
"1609",3,3.55648031,50,128
"1610",3,3.55648031,6,124
"1611",3,3.55648031,7,162
"1612",3,3.55648031,8,148
"1613",3,3.55648031,9,129
"1614",3,308.88435965,1,668710
"1615",3,308.88435965,10,1482820
"1616",3,308.88435965,11,1094674
"1617",3,308.88435965,12,1297743
"1618",3,308.88435965,13,1076266
"1619",3,308.88435965,14,1197624
"1620",3,308.88435965,15,1788146
"1621",3,308.88435965,16,1469129
"1622",3,308.88435965,17,716163
"1623",3,308.88435965,18,1270078
"1624",3,308.88435965,19,944343
"1625",3,308.88435965,2,646013
"1626",3,308.88435965,20,797602
"1627",3,308.88435965,21,1313903
"1628",3,308.88435965,22,1200317
"1629",3,308.88435965,23,1463241
"1630",3,308.88435965,24,1112892
"1631",3,308.88435965,25,1029150
"1632",3,308.88435965,26,1276237
"1633",3,308.88435965,27,1126652
"1634",3,308.88435965,28,702463
"1635",3,308.88435965,29,1285096
"1636",3,308.88435965,3,1427176
"1637",3,308.88435965,30,1104118
"1638",3,308.88435965,31,1640821
"1639",3,308.88435965,32,1662939
"1640",3,308.88435965,33,1193300
"1641",3,308.88435965,34,919026
"1642",3,308.88435965,35,1290286
"1643",3,308.88435965,36,678533
"1644",3,308.88435965,37,1289834
"1645",3,308.88435965,38,918188
"1646",3,308.88435965,39,1655702
"1647",3,308.88435965,4,1234816
"1648",3,308.88435965,40,1289740
"1649",3,308.88435965,41,1944508
"1650",3,308.88435965,42,698816
"1651",3,308.88435965,43,1318361
"1652",3,308.88435965,44,1126552
"1653",3,308.88435965,45,639429
"1654",3,308.88435965,46,2063391
"1655",3,308.88435965,47,1289515
"1656",3,308.88435965,48,1277927
"1657",3,308.88435965,49,1421334
"1658",3,308.88435965,5,853814
"1659",3,308.88435965,50,1201636
"1660",3,308.88435965,6,965508
"1661",3,308.88435965,7,751570
"1662",3,308.88435965,8,1408848
"1663",3,308.88435965,9,1056990
"1664",3,37.2759372,1,132837
"1665",3,37.2759372,10,82739
"1666",3,37.2759372,11,118745
"1667",3,37.2759372,12,178428
"1668",3,37.2759372,13,80958
"1669",3,37.2759372,14,35403
"1670",3,37.2759372,15,124508
"1671",3,37.2759372,16,45686
"1672",3,37.2759372,17,238860
"1673",3,37.2759372,18,187894
"1674",3,37.2759372,19,332241
"1675",3,37.2759372,2,77560
"1676",3,37.2759372,20,216057
"1677",3,37.2759372,21,177921
"1678",3,37.2759372,22,281131
"1679",3,37.2759372,23,168042
"1680",3,37.2759372,24,119781
"1681",3,37.2759372,25,41979
"1682",3,37.2759372,26,134866
"1683",3,37.2759372,27,2171
"1684",3,37.2759372,28,1483
"1685",3,37.2759372,29,46342
"1686",3,37.2759372,3,196575
"1687",3,37.2759372,30,87741
"1688",3,37.2759372,31,76923
"1689",3,37.2759372,32,277503
"1690",3,37.2759372,33,87792
"1691",3,37.2759372,34,122648
"1692",3,37.2759372,35,2173
"1693",3,37.2759372,36,127057
"1694",3,37.2759372,37,283698
"1695",3,37.2759372,38,118058
"1696",3,37.2759372,39,291033
"1697",3,37.2759372,4,279652
"1698",3,37.2759372,40,226101
"1699",3,37.2759372,41,158380
"1700",3,37.2759372,42,159523
"1701",3,37.2759372,43,1503
"1702",3,37.2759372,44,205654
"1703",3,37.2759372,45,144273
"1704",3,37.2759372,46,114814
"1705",3,37.2759372,47,36094
"1706",3,37.2759372,48,1497
"1707",3,37.2759372,49,261416
"1708",3,37.2759372,5,83364
"1709",3,37.2759372,50,1650
"1710",3,37.2759372,6,1523
"1711",3,37.2759372,7,239980
"1712",3,37.2759372,8,224066
"1713",3,37.2759372,9,130548
"1714",3,390.69399371,1,1258266
"1715",3,390.69399371,10,1206834
"1716",3,390.69399371,11,1485031
"1717",3,390.69399371,12,1644335
"1718",3,390.69399371,13,1352820
"1719",3,390.69399371,14,1713741
"1720",3,390.69399371,15,1244868
"1721",3,390.69399371,16,1545257
"1722",3,390.69399371,17,1093098
"1723",3,390.69399371,18,2097899
"1724",3,390.69399371,19,1803879
"1725",3,390.69399371,2,1188740
"1726",3,390.69399371,20,1584660
"1727",3,390.69399371,21,1852214
"1728",3,390.69399371,22,1675149
"1729",3,390.69399371,23,810766
"1730",3,390.69399371,24,1880489
"1731",3,390.69399371,25,1849634
"1732",3,390.69399371,26,908406
"1733",3,390.69399371,27,1412463
"1734",3,390.69399371,28,1150003
"1735",3,390.69399371,29,1490050
"1736",3,390.69399371,3,1122764
"1737",3,390.69399371,30,1093250
"1738",3,390.69399371,31,1921331
"1739",3,390.69399371,32,1239806
"1740",3,390.69399371,33,792974
"1741",3,390.69399371,34,1536726
"1742",3,390.69399371,35,999386
"1743",3,390.69399371,36,1784935
"1744",3,390.69399371,37,1895769
"1745",3,390.69399371,38,1349177
"1746",3,390.69399371,39,2204914
"1747",3,390.69399371,4,1524531
"1748",3,390.69399371,40,1393625
"1749",3,390.69399371,41,1443940
"1750",3,390.69399371,42,2360270
"1751",3,390.69399371,43,2374392
"1752",3,390.69399371,44,867109
"1753",3,390.69399371,45,895216
"1754",3,390.69399371,46,1598952
"1755",3,390.69399371,47,1332450
"1756",3,390.69399371,48,1432489
"1757",3,390.69399371,49,1284866
"1758",3,390.69399371,5,1513499
"1759",3,390.69399371,50,1106445
"1760",3,390.69399371,6,1290587
"1761",3,390.69399371,7,1512880
"1762",3,390.69399371,8,1801786
"1763",3,390.69399371,9,1500448
"1764",3,4.49843267,1,162
"1765",3,4.49843267,10,123032
"1766",3,4.49843267,11,196
"1767",3,4.49843267,12,178
"1768",3,4.49843267,13,200
"1769",3,4.49843267,14,206622
"1770",3,4.49843267,15,181
"1771",3,4.49843267,16,210
"1772",3,4.49843267,17,181
"1773",3,4.49843267,18,50322
"1774",3,4.49843267,19,170
"1775",3,4.49843267,2,38918
"1776",3,4.49843267,20,180
"1777",3,4.49843267,21,218
"1778",3,4.49843267,22,169
"1779",3,4.49843267,23,182
"1780",3,4.49843267,24,161
"1781",3,4.49843267,25,219
"1782",3,4.49843267,26,169
"1783",3,4.49843267,27,180
"1784",3,4.49843267,28,206
"1785",3,4.49843267,29,182
"1786",3,4.49843267,3,147584
"1787",3,4.49843267,30,83906
"1788",3,4.49843267,31,89353
"1789",3,4.49843267,32,191
"1790",3,4.49843267,33,39246
"1791",3,4.49843267,34,168
"1792",3,4.49843267,35,173
"1793",3,4.49843267,36,147
"1794",3,4.49843267,37,178
"1795",3,4.49843267,38,176
"1796",3,4.49843267,39,166
"1797",3,4.49843267,4,189
"1798",3,4.49843267,40,198
"1799",3,4.49843267,41,176
"1800",3,4.49843267,42,181
"1801",3,4.49843267,43,79679
"1802",3,4.49843267,44,206
"1803",3,4.49843267,45,178
"1804",3,4.49843267,46,190
"1805",3,4.49843267,47,166160
"1806",3,4.49843267,48,181
"1807",3,4.49843267,49,187
"1808",3,4.49843267,5,161
"1809",3,4.49843267,50,45298
"1810",3,4.49843267,6,149
"1811",3,4.49843267,7,206240
"1812",3,4.49843267,8,145
"1813",3,4.49843267,9,174
"1814",3,47.14866363,1,1901
"1815",3,47.14866363,10,122993
"1816",3,47.14866363,11,334023
"1817",3,47.14866363,12,291372
"1818",3,47.14866363,13,127875
"1819",3,47.14866363,14,330796
"1820",3,47.14866363,15,40494
"1821",3,47.14866363,16,201906
"1822",3,47.14866363,17,129319
"1823",3,47.14866363,18,334095
"1824",3,47.14866363,19,306619
"1825",3,47.14866363,2,56687
"1826",3,47.14866363,20,160567
"1827",3,47.14866363,21,226023
"1828",3,47.14866363,22,201381
"1829",3,47.14866363,23,174412
"1830",3,47.14866363,24,294680
"1831",3,47.14866363,25,425860
"1832",3,47.14866363,26,325264
"1833",3,47.14866363,27,204876
"1834",3,47.14866363,28,157762
"1835",3,47.14866363,29,116814
"1836",3,47.14866363,3,1898
"1837",3,47.14866363,30,274345
"1838",3,47.14866363,31,355772
"1839",3,47.14866363,32,172890
"1840",3,47.14866363,33,78372
"1841",3,47.14866363,34,86690
"1842",3,47.14866363,35,2562
"1843",3,47.14866363,36,75607
"1844",3,47.14866363,37,111938
"1845",3,47.14866363,38,92134
"1846",3,47.14866363,39,122288
"1847",3,47.14866363,4,167917
"1848",3,47.14866363,40,449093
"1849",3,47.14866363,41,42384
"1850",3,47.14866363,42,111590
"1851",3,47.14866363,43,76851
"1852",3,47.14866363,44,127435
"1853",3,47.14866363,45,340983
"1854",3,47.14866363,46,91291
"1855",3,47.14866363,47,81196
"1856",3,47.14866363,48,262250
"1857",3,47.14866363,49,262250
"1858",3,47.14866363,5,86783
"1859",3,47.14866363,50,308276
"1860",3,47.14866363,6,243075
"1861",3,47.14866363,7,92860
"1862",3,47.14866363,8,40397
"1863",3,47.14866363,9,80759
"1864",3,494.17133613,1,2512632
"1865",3,494.17133613,10,1636738
"1866",3,494.17133613,11,1951234
"1867",3,494.17133613,12,2079107
"1868",3,494.17133613,13,2533032
"1869",3,494.17133613,14,1890949
"1870",3,494.17133613,15,1700826
"1871",3,494.17133613,16,1588206
"1872",3,494.17133613,17,1616067
"1873",3,494.17133613,18,1799279
"1874",3,494.17133613,19,1637174
"1875",3,494.17133613,2,1483390
"1876",3,494.17133613,20,1924613
"1877",3,494.17133613,21,1422498
"1878",3,494.17133613,22,1980299
"1879",3,494.17133613,23,1809750
"1880",3,494.17133613,24,1654997
"1881",3,494.17133613,25,1753990
"1882",3,494.17133613,26,1938346
"1883",3,494.17133613,27,2068613
"1884",3,494.17133613,28,2310135
"1885",3,494.17133613,29,1731203
"1886",3,494.17133613,3,1538217
"1887",3,494.17133613,30,1902951
"1888",3,494.17133613,31,1129164
"1889",3,494.17133613,32,868015
"1890",3,494.17133613,33,2055188
"1891",3,494.17133613,34,2226002
"1892",3,494.17133613,35,2441472
"1893",3,494.17133613,36,2640852
"1894",3,494.17133613,37,1137167
"1895",3,494.17133613,38,716284
"1896",3,494.17133613,39,1845601
"1897",3,494.17133613,4,1498703
"1898",3,494.17133613,40,1910549
"1899",3,494.17133613,41,1741229
"1900",3,494.17133613,42,1227758
"1901",3,494.17133613,43,1958869
"1902",3,494.17133613,44,2343231
"1903",3,494.17133613,45,1766017
"1904",3,494.17133613,46,1765136
"1905",3,494.17133613,47,2187666
"1906",3,494.17133613,48,1325564
"1907",3,494.17133613,49,1523060
"1908",3,494.17133613,5,1923866
"1909",3,494.17133613,50,1576991
"1910",3,494.17133613,6,2010154
"1911",3,494.17133613,7,1072935
"1912",3,494.17133613,8,2185558
"1913",3,494.17133613,9,1517321
"1914",3,5.68986603,1,217
"1915",3,5.68986603,10,224
"1916",3,5.68986603,11,223
"1917",3,5.68986603,12,36149
"1918",3,5.68986603,13,233
"1919",3,5.68986603,14,221
"1920",3,5.68986603,15,227
"1921",3,5.68986603,16,247
"1922",3,5.68986603,17,207
"1923",3,5.68986603,18,41491
"1924",3,5.68986603,19,252
"1925",3,5.68986603,2,240
"1926",3,5.68986603,20,212
"1927",3,5.68986603,21,256
"1928",3,5.68986603,22,256
"1929",3,5.68986603,23,241
"1930",3,5.68986603,24,229
"1931",3,5.68986603,25,220
"1932",3,5.68986603,26,203
"1933",3,5.68986603,27,165334
"1934",3,5.68986603,28,233
"1935",3,5.68986603,29,261
"1936",3,5.68986603,3,89555
"1937",3,5.68986603,30,43623
"1938",3,5.68986603,31,220
"1939",3,5.68986603,32,217
"1940",3,5.68986603,33,202
"1941",3,5.68986603,34,32900
"1942",3,5.68986603,35,265
"1943",3,5.68986603,36,243
"1944",3,5.68986603,37,226
"1945",3,5.68986603,38,250
"1946",3,5.68986603,39,218
"1947",3,5.68986603,4,80512
"1948",3,5.68986603,40,262
"1949",3,5.68986603,41,40299
"1950",3,5.68986603,42,202
"1951",3,5.68986603,43,210
"1952",3,5.68986603,44,239
"1953",3,5.68986603,45,238
"1954",3,5.68986603,46,78409
"1955",3,5.68986603,47,219
"1956",3,5.68986603,48,251
"1957",3,5.68986603,49,227
"1958",3,5.68986603,5,647
"1959",3,5.68986603,50,251
"1960",3,5.68986603,6,199
"1961",3,5.68986603,7,239
"1962",3,5.68986603,8,219
"1963",3,5.68986603,9,49822
"1964",3,59.63623317,1,38668
"1965",3,59.63623317,10,41622
"1966",3,59.63623317,11,88053
"1967",3,59.63623317,12,149835
"1968",3,59.63623317,13,175794
"1969",3,59.63623317,14,214611
"1970",3,59.63623317,15,463386
"1971",3,59.63623317,16,169700
"1972",3,59.63623317,17,162651
"1973",3,59.63623317,18,247782
"1974",3,59.63623317,19,276221
"1975",3,59.63623317,2,90632
"1976",3,59.63623317,20,168099
"1977",3,59.63623317,21,44458
"1978",3,59.63623317,22,219441
"1979",3,59.63623317,23,283046
"1980",3,59.63623317,24,85378
"1981",3,59.63623317,25,304468
"1982",3,59.63623317,26,2358
"1983",3,59.63623317,27,299453
"1984",3,59.63623317,28,148366
"1985",3,59.63623317,29,207877
"1986",3,59.63623317,3,121023
"1987",3,59.63623317,30,284843
"1988",3,59.63623317,31,46041
"1989",3,59.63623317,32,174486
"1990",3,59.63623317,33,370870
"1991",3,59.63623317,34,209100
"1992",3,59.63623317,35,39400
"1993",3,59.63623317,36,126252
"1994",3,59.63623317,37,378120
"1995",3,59.63623317,38,266845
"1996",3,59.63623317,39,43126
"1997",3,59.63623317,4,304398
"1998",3,59.63623317,40,85094
"1999",3,59.63623317,41,135853
"2000",3,59.63623317,42,35278
"2001",3,59.63623317,43,316066
"2002",3,59.63623317,44,86936
"2003",3,59.63623317,45,75561
"2004",3,59.63623317,46,259462
"2005",3,59.63623317,47,91672
"2006",3,59.63623317,48,329137
"2007",3,59.63623317,49,74715
"2008",3,59.63623317,5,330737
"2009",3,59.63623317,50,123776
"2010",3,59.63623317,6,206419
"2011",3,59.63623317,7,171506
"2012",3,59.63623317,8,203869
"2013",3,59.63623317,9,126688
"2014",3,625.05519253,1,2174392
"2015",3,625.05519253,10,2530131
"2016",3,625.05519253,11,2498041
"2017",3,625.05519253,12,2265899
"2018",3,625.05519253,13,2754587
"2019",3,625.05519253,14,2083908
"2020",3,625.05519253,15,2367332
"2021",3,625.05519253,16,2482117
"2022",3,625.05519253,17,2079762
"2023",3,625.05519253,18,1954473
"2024",3,625.05519253,19,2525342
"2025",3,625.05519253,2,2060270
"2026",3,625.05519253,20,2895003
"2027",3,625.05519253,21,2127771
"2028",3,625.05519253,22,2282053
"2029",3,625.05519253,23,2102767
"2030",3,625.05519253,24,2332514
"2031",3,625.05519253,25,1938837
"2032",3,625.05519253,26,2199483
"2033",3,625.05519253,27,2453905
"2034",3,625.05519253,28,3039828
"2035",3,625.05519253,29,1325936
"2036",3,625.05519253,3,2399161
"2037",3,625.05519253,30,2283389
"2038",3,625.05519253,31,2072041
"2039",3,625.05519253,32,2982651
"2040",3,625.05519253,33,2008862
"2041",3,625.05519253,34,2435449
"2042",3,625.05519253,35,2708995
"2043",3,625.05519253,36,2217604
"2044",3,625.05519253,37,2151589
"2045",3,625.05519253,38,2382994
"2046",3,625.05519253,39,2502024
"2047",3,625.05519253,4,2251602
"2048",3,625.05519253,40,1497214
"2049",3,625.05519253,41,2206113
"2050",3,625.05519253,42,1566216
"2051",3,625.05519253,43,2570475
"2052",3,625.05519253,44,2425194
"2053",3,625.05519253,45,1912382
"2054",3,625.05519253,46,2541256
"2055",3,625.05519253,47,2594650
"2056",3,625.05519253,48,2536796
"2057",3,625.05519253,49,2167887
"2058",3,625.05519253,5,1849676
"2059",3,625.05519253,50,2260597
"2060",3,625.05519253,6,2303508
"2061",3,625.05519253,7,1816409
"2062",3,625.05519253,8,2597085
"2063",3,625.05519253,9,2167365
"2064",3,7.19685673,1,304
"2065",3,7.19685673,10,250
"2066",3,7.19685673,11,282
"2067",3,7.19685673,12,305
"2068",3,7.19685673,13,261
"2069",3,7.19685673,14,84481
"2070",3,7.19685673,15,297
"2071",3,7.19685673,16,299
"2072",3,7.19685673,17,42377
"2073",3,7.19685673,18,88250
"2074",3,7.19685673,19,309
"2075",3,7.19685673,2,112180
"2076",3,7.19685673,20,306
"2077",3,7.19685673,21,274
"2078",3,7.19685673,22,300
"2079",3,7.19685673,23,101734
"2080",3,7.19685673,24,296
"2081",3,7.19685673,25,326
"2082",3,7.19685673,26,38426
"2083",3,7.19685673,27,36501
"2084",3,7.19685673,28,45523
"2085",3,7.19685673,29,47259
"2086",3,7.19685673,3,297
"2087",3,7.19685673,30,260
"2088",3,7.19685673,31,308
"2089",3,7.19685673,32,285
"2090",3,7.19685673,33,277
"2091",3,7.19685673,34,301
"2092",3,7.19685673,35,276
"2093",3,7.19685673,36,283
"2094",3,7.19685673,37,286
"2095",3,7.19685673,38,41937
"2096",3,7.19685673,39,45556
"2097",3,7.19685673,4,42921
"2098",3,7.19685673,40,280
"2099",3,7.19685673,41,270
"2100",3,7.19685673,42,46266
"2101",3,7.19685673,43,307
"2102",3,7.19685673,44,275
"2103",3,7.19685673,45,129560
"2104",3,7.19685673,46,307
"2105",3,7.19685673,47,287
"2106",3,7.19685673,48,78991
"2107",3,7.19685673,49,318
"2108",3,7.19685673,5,153921
"2109",3,7.19685673,50,296
"2110",3,7.19685673,6,279
"2111",3,7.19685673,7,45307
"2112",3,7.19685673,8,291
"2113",3,7.19685673,9,81271
"2114",3,75.43120063,1,245213
"2115",3,75.43120063,10,352538
"2116",3,75.43120063,11,317289
"2117",3,75.43120063,12,165677
"2118",3,75.43120063,13,140852
"2119",3,75.43120063,14,369197
"2120",3,75.43120063,15,48825
"2121",3,75.43120063,16,531777
"2122",3,75.43120063,17,84445
"2123",3,75.43120063,18,344129
"2124",3,75.43120063,19,203496
"2125",3,75.43120063,2,171593
"2126",3,75.43120063,20,455936
"2127",3,75.43120063,21,88703
"2128",3,75.43120063,22,278698
"2129",3,75.43120063,23,247186
"2130",3,75.43120063,24,386970
"2131",3,75.43120063,25,210143
"2132",3,75.43120063,26,98454
"2133",3,75.43120063,27,104626
"2134",3,75.43120063,28,520444
"2135",3,75.43120063,29,369171
"2136",3,75.43120063,3,378880
"2137",3,75.43120063,30,206085
"2138",3,75.43120063,31,222484
"2139",3,75.43120063,32,130298
"2140",3,75.43120063,33,245647
"2141",3,75.43120063,34,351826
"2142",3,75.43120063,35,293253
"2143",3,75.43120063,36,190775
"2144",3,75.43120063,37,532706
"2145",3,75.43120063,38,379279
"2146",3,75.43120063,39,249856
"2147",3,75.43120063,4,470080
"2148",3,75.43120063,40,445978
"2149",3,75.43120063,41,192989
"2150",3,75.43120063,42,279515
"2151",3,75.43120063,43,172705
"2152",3,75.43120063,44,377500
"2153",3,75.43120063,45,172776
"2154",3,75.43120063,46,243861
"2155",3,75.43120063,47,391652
"2156",3,75.43120063,48,199120
"2157",3,75.43120063,49,127102
"2158",3,75.43120063,5,172219
"2159",3,75.43120063,50,196184
"2160",3,75.43120063,6,458318
"2161",3,75.43120063,7,284730
"2162",3,75.43120063,8,540604
"2163",3,75.43120063,9,132746
"2164",3,790.60432109,1,4015723
"2165",3,790.60432109,10,3381826
"2166",3,790.60432109,11,2589526
"2167",3,790.60432109,12,2500497
"2168",3,790.60432109,13,2386410
"2169",3,790.60432109,14,2230029
"2170",3,790.60432109,15,3452370
"2171",3,790.60432109,16,2428449
"2172",3,790.60432109,17,3542647
"2173",3,790.60432109,18,3117317
"2174",3,790.60432109,19,3227702
"2175",3,790.60432109,2,2699459
"2176",3,790.60432109,20,2025127
"2177",3,790.60432109,21,3268637
"2178",3,790.60432109,22,2972731
"2179",3,790.60432109,23,2456611
"2180",3,790.60432109,24,3012894
"2181",3,790.60432109,25,2356377
"2182",3,790.60432109,26,2231197
"2183",3,790.60432109,27,3193181
"2184",3,790.60432109,28,3716376
"2185",3,790.60432109,29,3513010
"2186",3,790.60432109,3,3005973
"2187",3,790.60432109,30,3066012
"2188",3,790.60432109,31,3541808
"2189",3,790.60432109,32,2125368
"2190",3,790.60432109,33,3964276
"2191",3,790.60432109,34,2736594
"2192",3,790.60432109,35,3976198
"2193",3,790.60432109,36,2534182
"2194",3,790.60432109,37,2373024
"2195",3,790.60432109,38,2493842
"2196",3,790.60432109,39,3032998
"2197",3,790.60432109,4,3598777
"2198",3,790.60432109,40,2504079
"2199",3,790.60432109,41,3119083
"2200",3,790.60432109,42,2288183
"2201",3,790.60432109,43,3394352
"2202",3,790.60432109,44,2878315
"2203",3,790.60432109,45,2839958
"2204",3,790.60432109,46,2453630
"2205",3,790.60432109,47,3075473
"2206",3,790.60432109,48,3126850
"2207",3,790.60432109,49,1903548
"2208",3,790.60432109,5,3440159
"2209",3,790.60432109,50,2223904
"2210",3,790.60432109,6,3810016
"2211",3,790.60432109,7,3137900
"2212",3,790.60432109,8,2851607
"2213",3,790.60432109,9,2535530
"2214",3,9.10298178,1,359
"2215",3,9.10298178,10,389
"2216",3,9.10298178,11,569
"2217",3,9.10298178,12,83840
"2218",3,9.10298178,13,371
"2219",3,9.10298178,14,407
"2220",3,9.10298178,15,39261
"2221",3,9.10298178,16,391
"2222",3,9.10298178,17,40168
"2223",3,9.10298178,18,74882
"2224",3,9.10298178,19,373
"2225",3,9.10298178,2,360
"2226",3,9.10298178,20,390
"2227",3,9.10298178,21,39726
"2228",3,9.10298178,22,392
"2229",3,9.10298178,23,757
"2230",3,9.10298178,24,122498
"2231",3,9.10298178,25,4378
"2232",3,9.10298178,26,41866
"2233",3,9.10298178,27,371
"2234",3,9.10298178,28,39124
"2235",3,9.10298178,29,39943
"2236",3,9.10298178,3,90970
"2237",3,9.10298178,30,358
"2238",3,9.10298178,31,352
"2239",3,9.10298178,32,42252
"2240",3,9.10298178,33,206974
"2241",3,9.10298178,34,354
"2242",3,9.10298178,35,332
"2243",3,9.10298178,36,122989
"2244",3,9.10298178,37,5042
"2245",3,9.10298178,38,388
"2246",3,9.10298178,39,34899
"2247",3,9.10298178,4,383
"2248",3,9.10298178,40,47847
"2249",3,9.10298178,41,389
"2250",3,9.10298178,42,371
"2251",3,9.10298178,43,364
"2252",3,9.10298178,44,44472
"2253",3,9.10298178,45,122425
"2254",3,9.10298178,46,347
"2255",3,9.10298178,47,336
"2256",3,9.10298178,48,372
"2257",3,9.10298178,49,3215
"2258",3,9.10298178,5,40022
"2259",3,9.10298178,50,353
"2260",3,9.10298178,6,364
"2261",3,9.10298178,7,348
"2262",3,9.10298178,8,376
"2263",3,9.10298178,9,360
"2264",3,95.40954763,1,208091
"2265",3,95.40954763,10,339462
"2266",3,95.40954763,11,380507
"2267",3,95.40954763,12,305916
"2268",3,95.40954763,13,324760
"2269",3,95.40954763,14,487176
"2270",3,95.40954763,15,464643
"2271",3,95.40954763,16,571578
"2272",3,95.40954763,17,366322
"2273",3,95.40954763,18,44725
"2274",3,95.40954763,19,368805
"2275",3,95.40954763,2,209010
"2276",3,95.40954763,20,272829
"2277",3,95.40954763,21,405748
"2278",3,95.40954763,22,398791
"2279",3,95.40954763,23,421361
"2280",3,95.40954763,24,177624
"2281",3,95.40954763,25,299815
"2282",3,95.40954763,26,305797
"2283",3,95.40954763,27,433892
"2284",3,95.40954763,28,618382
"2285",3,95.40954763,29,268934
"2286",3,95.40954763,3,379098
"2287",3,95.40954763,30,39671
"2288",3,95.40954763,31,590691
"2289",3,95.40954763,32,191012
"2290",3,95.40954763,33,410848
"2291",3,95.40954763,34,505335
"2292",3,95.40954763,35,737011
"2293",3,95.40954763,36,706666
"2294",3,95.40954763,37,321439
"2295",3,95.40954763,38,249720
"2296",3,95.40954763,39,128287
"2297",3,95.40954763,4,295918
"2298",3,95.40954763,40,214111
"2299",3,95.40954763,41,104657
"2300",3,95.40954763,42,299815
"2301",3,95.40954763,43,199769
"2302",3,95.40954763,44,43471
"2303",3,95.40954763,45,204526
"2304",3,95.40954763,46,471954
"2305",3,95.40954763,47,129266
"2306",3,95.40954763,48,455671
"2307",3,95.40954763,49,131151
"2308",3,95.40954763,5,288562
"2309",3,95.40954763,50,184447
"2310",3,95.40954763,6,420855
"2311",3,95.40954763,7,169633
"2312",3,95.40954763,8,506452
"2313",3,95.40954763,9,406653
